2 bears 1 Cave,0
Andrew Schulz,1
Bad Friends,2
Below The Belt,3
Bertcast,4
Brilliant Idiots,5
Chuckle Sandwich,6
Ear Biscuits,7
Filmhaus Podcast,8
Frenemies,9
Fullsend,10
Getting Doug With High,11
Good For You Podcast,12
H3H3 Production,13
Huberman Lab,14
Impaulsive,15
Jenna and Julien,16
Joe Rogan Experience,17
Kill Tony,18
Lex Fridman,19
MSSP,20
Off Topic,21
Optic Podcast,22
Painkiller Already,23
RT Podcast,24
Skotcast,25
Super Mega Cast,26
The Fighter and the Kid,27
The Official Podcast,28
The Smoking Tire Podcast,29
The Views,30
This Past Weekend,31
Tiger Belly,32
Tim Cast IRL,33
Tim Dillon Show,34
Tiny Meat Gang,35
Trash Taste,36
Trash Tuesdays,37
Triforce,38
True Geordie Podcast,39
Uncle Joeys Joint,40
