https://www.youtube.com/playlist?list=PLnVm--ZJw05W4ifIUUzYlKwoBct1VllPR, Lex Fridman Podcast
https://www.youtube.com/playlist?list=PL-zWbO9RZaSNL0oLkXQPAEvxJ_JzrA00i ,MSSP
https://www.youtube.com/playlist?list=PLD8Xk89jYzqRmnqeWQmu8M4BVM8ieGWiU ,Kill Tony
https://www.youtube.com/playlist?list=PLPNW_gerXa4Pc8S2qoUQc5e8Ir97RLuVW ,Huberman Lab
https://www.youtube.com/playlist?list=PLY155lJX6_wcTzyjW2sGB4sTT5ZkivwnN ,This Past Weekend
https://www.youtube.com/playlist?list=PLrUIKtkGMn1YZVL30yhZHFQzG70p_EnLE ,Bertcast
https://www.youtube.com/playlist?list=PLe8snfRG0USOFxBOY7HVQyDP8HqcdFb_N ,Brilliant Idiots
https://www.youtube.com/playlist?list=PLa7q8UDa6tvGRXE3-pdbiDQ-5_jRpqOkf ,Bad Friends
https://www.youtube.com/playlist?list=PLxMKpn4CkUIGALwPU82X0N3bw0UXsylO7 ,Trash Tuesdays
https://www.youtube.com/playlist?list=PLbh0Jamvptwfp_qc439PLuyKJ-tWUt222 ,Tiger Belly
https://www.youtube.com/playlist?list=PL4g9GB-zqUTg9EqoU1_aRSe-Fudje0ARp ,Good for You Podcast
https://www.youtube.com/playlist?list=PLtIAhyXxo11_FXQgG9rF6ud4FSDEFKbE9 ,We Might Be Drunk
https://www.youtube.com/playlist?list=PLQ5r75vnJsmxa80-4nqzHDafYB5HfnIeM ,Fullsend